{
   "providers": [
    {
        "type": "bitmap",
        "file": "dupeblocks:ranks/owner.png",
        "chars": ["\uE001"],
        "ascent": 7,
        "height": 7
    },
    {
        "type": "bitmap",
        "file": "dupeblocks:ranks/manager.png",
        "chars": ["\uE002"],
        "ascent": 7,
        "height": 7
    },
    {
        "type": "bitmap",
        "file": "dupeblocks:ranks/developer.png",
        "chars": ["\uE003"],
        "ascent": 7,
        "height": 7
    },
    {
        "type": "bitmap",
        "file": "dupeblocks:ranks/admin.png",
        "chars": ["\uE004"],
        "ascent": 7,
        "height": 7
    },
    {
        "type": "bitmap",
        "file": "dupeblocks:ranks/srmod.png",
        "chars": ["\uE005"],
        "ascent": 7,
        "height": 7
    },
    {
        "type": "bitmap",
        "file": "dupeblocks:ranks/mod.png",
        "chars": ["\uE006"],
        "ascent": 7,
        "height": 7
    },
    {
        "type": "bitmap",
        "file": "dupeblocks:ranks/jrmod.png",
        "chars": ["\uE007"],
        "ascent": 7,
        "height": 7
    },
    {
        "type": "bitmap",
        "file": "dupeblocks:ranks/media.png",
        "chars": ["\uE008"],
        "ascent": 7,
        "height": 7
    },
    {
        "type": "bitmap",
        "file": "dupeblocks:ranks/amethyst.png",
        "chars": ["\uE009"],
        "ascent": 7,
        "height": 7
    },
    {
        "type": "bitmap",
        "file": "dupeblocks:ranks/topaz.png",
        "chars": ["\uE010"],
        "ascent": 7,
        "height": 7
    },
    {
        "type": "bitmap",
        "file": "dupeblocks:ranks/crystal.png",
        "chars": ["\uE011"],
        "ascent": 7,
        "height": 7
    },
    {
        "type": "bitmap",
        "file": "dupeblocks:ranks/emerald.png",
        "chars": ["\uE012"],
        "ascent": 7,
        "height": 7
    },
    {
        "type": "bitmap",
        "file": "dupeblocks:ranks/elite.png",
        "chars": ["\uE013"],
        "ascent": 7,
        "height": 7
    },
    {
        "type": "bitmap",
        "file": "dupeblocks:icons/server.png",
        "chars": ["\uE050"],
        "ascent": 7,
        "height": 7
    },
    {
        "type": "bitmap",
        "file": "dupeblocks:icons/warning.png",
        "chars": ["\uE051"],
        "ascent": 7,
        "height": 7
    },
    {
        "type": "bitmap",
        "file": "dupeblocks:icons/error.png",
        "chars": ["\uE052"],
        "ascent": 7,
        "height": 7
    },
    {
        "type": "bitmap",
        "file": "dupeblocks:logo/dupeblocks.png",
        "chars": ["\uE100"],
        "ascent": 35,
        "height": 35
    }
   ] 
}